name,L,a,b,source,flag
Yellow 012 U,90.6,3,93,V4,
Bright Red U,61.6,66,49,V4,
Pink U,52.2,62,-8,V4,
Medium Purple U,34.9,26,-35,V4,
Dark Blue U,32.9,15,-44,V4,
100 U,94.9,-7,56,V4,
101 U,94.1,-7,66,V4,
102 U,93.3,-5,85,V4,
Yellow U,92.2,-3,93,V4,
103 U,65.9,-1,59,V4,
104 U,58.4,-2,45,V4,
105 U,49.0,-2,26,V4,
7401 U,91.8,3,34,V4,
7402 U,88.2,3,35,V4,
7403 U,85.1,7,43,V4,
7404 U,85.5,8,72,V4,
7405 U,75.7,11,76,V4,
7406 U,78.4,13,73,V4,
7407 U,70.2,11,33,V4,
2001 U,93.7,0,39,V4,
2002 U,92.5,1,51,V4,
2003 U,92.5,-1,58,V4,
2004 U,91.4,4,52,V4,
2005 U,90.2,9,49,V4,
2006 U,80.8,11,51,V4,
2007 U,73.3,16,51,V4,
106 U,92.9,-3,65,V4,
107 U,91.8,0,72,V4,
108 U,89.8,4,80,V4,
109 U,85.1,16,87,V4,
110 U,68.6,9,64,V4,
111 U,56.9,1,43,V4,
112 U,51.8,0,34,V4,
113 U,91.0,3,66,V4,
114 U,89.0,7,73,V4,
115 U,86.7,13,80,V4,
116 U,81.2,26,82,V4,
117 U,61.2,10,53,V4,
118 U,55.7,5,42,V4,
119 U,50.2,0,27,V4,
127 U,90.6,0,49,V4,
128 U,85.5,9,59,V4,
129 U,77.6,23,66,V4,
130 U,72.9,32,67,V4,
131 U,58.8,20,49,V4,
132 U,53.3,7,37,V4,
133 U,47.5,0,24,V4,
4001 U,87.5,1,39,V4,
4002 U,82.7,2,35,V4,
4003 U,79.2,1,29,V4,
4004 U,72.5,2,32,V4,
4005 U,68.6,3,24,V4,
4006 U,63.1,5,24,V4,
4007 U,60.4,4,23,V4,
1205 U,91.8,3,42,V4,
1215 U,89.4,8,51,V4,
1225 U,82.7,24,65,V4,
1235 U,79.6,30,70,V4,
1245 U,61.6,13,46,V4,
1255 U,56.1,7,36,V4,
1265 U,50.2,3,27,V4,
120 U,89.4,8,60,V4,
121 U,86.3,15,67,V4,
122 U,83.9,21,72,V4,
123 U,79.6,31,76,V4,
124 U,66.7,22,58,V4,
125 U,56.5,9,42,V4,
126 U,51.4,4,32,V4,
7548 U,85.9,16,85,V4,
7549 U,81.2,22,72,V4,
7550 U,66.7,15,54,V4,
7551 U,58.8,10,41,V4,
7552 U,47.8,3,23,V4,
7553 U,43.1,1,16,V4,
7554 U,43.1,1,8,V4,
7555 U,72.5,11,47,V4,
7556 U,65.5,8,36,V4,
7557 U,60.0,4,28,V4,
7558 U,56.1,5,23,V4,
7559 U,54.9,6,21,V4,
7560 U,53.7,3,17,V4,
7561 U,51.0,0,12,V4,
134 U,87.8,12,52,V4,
135 U,84.3,20,56,V4,
136 U,79.6,31,64,V4,
137 U,76.9,37,69,V4,
138 U,61.2,31,54,V4,
139 U,51.0,15,35,V4,
140 U,46.3,5,24,V4,
2008 U,81.2,17,43,V4,
2009 U,78.0,23,46,V4,
2010 U,81.2,28,83,V4,
2011 U,72.2,33,49,V4,
2012 U,72.5,33,59,V4,
2013 U,77.3,38,76,V4,
2014 U,59.6,18,45,V4,
1345 U,88.6,12,40,V4,
1355 U,85.9,18,46,V4,
1365 U,79.6,31,56,V4,
1375 U,75.3,40,64,V4,
1385 U,60.8,28,47,V4,
1395 U,49.8,12,30,V4,
1405 U,44.3,5,20,V4,
141 U,82.0,15,49,V4,
142 U,77.6,23,52,V4,
143 U,74.1,30,55,V4,
144 U,69.0,38,58,V4,
145 U,60.4,27,49,V4,
146 U,52.2,13,34,V4,
147 U,45.1,2,19,V4,
4008 U,75.7,26,60,V4,
4009 U,71.0,33,48,V4,
4010 U,62.0,41,46,V4,
4011 U,62.0,45,34,V4,
4012 U,62.7,44,39,V4,
4013 U,56.9,29,35,V4,
4014 U,53.3,25,21,V4,
3514 U,78.4,16,67,V4,
3596 U,76.5,12,32,V4,
3547 U,63.1,14,39,V4,
3588 U,74.9,40,59,V4,
3564 U,65.1,47,61,V4,
2428 U,67.1,26,44,V4,
2429 U,56.5,29,32,V4,
4015 U,80.8,-2,44,V4,
4016 U,77.6,1,54,V4,
4017 U,76.5,8,53,V4,
4018 U,70.6,6,45,V4,
4019 U,67.5,4,38,V4,
4020 U,70.2,2,54,V4,
4021 U,62.4,4,34,V4,
7408 U,72.2,25,69,V4,
7409 U,77.3,23,58,V4,
7410 U,75.7,33,42,V4,
7411 U,72.9,25,37,V4,
7412 U,64.7,23,35,V4,
7413 U,65.9,32,40,V4,
7414 U,59.6,23,35,V4,
7562 U,67.8,7,25,V4,
7563 U,71.8,15,42,V4,
7564 U,69.4,22,45,V4,
7565 U,62.4,23,35,V4,
7566 U,56.5,19,24,V4,
7567 U,50.2,11,16,V4,
7568 U,47.5,7,11,V4,
7569 U,65.5,24,40,V4,
7570 U,65.1,24,38,V4,
7571 U,62.4,20,33,V4,
7572 U,58.0,17,27,V4,
7573 U,55.7,16,26,V4,
7574 U,52.9,11,21,V4,
7575 U,49.0,6,16,V4,
4022 U,72.2,9,29,V4,
4023 U,73.7,7,38,V4,
4024 U,72.2,12,36,V4,
4025 U,68.2,19,41,V4,
4026 U,60.8,15,33,V4,
4027 U,52.5,8,24,V4,
4028 U,50.6,6,21,V4,
4029 U,85.9,7,24,V4,
4030 U,84.7,15,23,V4,
4031 U,82.0,18,17,V4,
4032 U,82.0,25,19,V4,
4033 U,81.2,26,21,V4,
4034 U,67.8,19,21,V4,
4035 U,65.5,19,21,V4,
148 U,85.1,20,41,V4,
149 U,81.6,28,46,V4,
150 U,75.7,41,55,V4,
151 U,71.8,48,62,V4,
152 U,62.7,38,50,V4,
153 U,52.9,22,35,V4,
154 U,47.8,14,27,V4,
155 U,84.3,13,32,V4,
156 U,80.4,20,36,V4,
157 U,71.4,34,42,V4,
158 U,65.9,43,48,V4,
159 U,57.6,35,39,V4,
160 U,50.2,19,29,V4,
161 U,43.1,6,17,V4,
1485 U,79.2,37,53,V4,
1495 U,74.9,45,57,V4,
1505 U,71.0,52,64,V4,
Orange 021 U,66.7,58,63,V4,
1525 U,52.9,34,41,V4,
1535 U,47.1,19,28,V4,
1545 U,42.7,9,17,V4,
1555 U,84.7,23,29,V4,
1565 U,79.6,34,37,V4,
1575 U,74.9,43,47,V4,
1585 U,71.4,50,53,V4,
1595 U,59.2,38,42,V4,
1605 U,51.8,22,28,V4,
1615 U,47.5,17,23,V4,
712 U,86.3,17,31,V4,
713 U,83.9,21,35,V4,
714 U,79.6,27,41,V4,
715 U,73.3,33,45,V4,
716 U,66.7,36,46,V4,
717 U,60.8,36,47,V4,
718 U,56.5,34,43,V4,
2015 U,89.8,10,23,V4,
2016 U,85.1,24,41,V4,
2017 U,80.8,23,39,V4,
2018 U,73.3,49,63,V4,
2019 U,64.7,32,46,V4,
2020 U,57.3,32,44,V4,
2021 U,49.4,25,33,V4,
2022 U,78.4,32,28,V4,
2023 U,75.3,38,32,V4,
2024 U,70.6,46,35,V4,
2025 U,75.7,45,50,V4,
2026 U,66.7,52,39,V4,
2027 U,63.9,55,33,V4,
2028 U,58.4,63,51,V4,
162 U,83.1,27,29,V4,
163 U,76.5,41,39,V4,
164 U,71.8,50,46,V4,
165 U,67.8,55,53,V4,
166 U,59.2,48,46,V4,
167 U,52.2,31,32,V4,
168 U,45.5,15,19,V4,
7576 U,66.7,28,31,V4,
7577 U,66.7,32,36,V4,
7578 U,63.1,36,36,V4,
7579 U,61.6,42,36,V4,
7580 U,55.7,33,27,V4,
7581 U,48.6,14,14,V4,
7582 U,45.5,6,8,V4,
2430 U,71.4,17,26,V4,
2431 U,69.0,23,37,V4,
2432 U,67.5,27,34,V4,
2433 U,63.9,31,31,V4,
2434 U,64.7,37,29,V4,
2435 U,58.4,25,20,V4,
2436 U,52.9,29,20,V4,
1625 U,79.2,36,29,V4,
1635 U,75.3,44,34,V4,
1645 U,70.6,53,43,V4,
1655 U,67.1,57,50,V4,
1665 U,60.4,49,43,V4,
1675 U,49.8,29,27,V4,
1685 U,46.7,20,20,V4,
169 U,82.7,30,18,V4,
170 U,73.7,48,32,V4,
171 U,69.0,56,40,V4,
172 U,65.1,60,48,V4,
173 U,55.3,43,35,V4,
174 U,46.3,26,22,V4,
175 U,41.6,14,13,V4,
7583 U,60.4,30,29,V4,
7584 U,57.6,29,29,V4,
7585 U,57.3,24,21,V4,
7586 U,52.5,20,19,V4,
7587 U,50.6,17,17,V4,
7588 U,48.6,10,11,V4,
7589 U,45.5,3,5,V4,
7590 U,78.8,10,14,V4,
7591 U,63.9,22,20,V4,
7592 U,55.3,27,21,V4,
7593 U,50.2,24,18,V4,
7594 U,46.3,16,12,V4,
7595 U,45.5,10,9,V4,
7596 U,44.7,6,6,V4,
7597 U,58.0,45,32,V4,
7598 U,56.1,35,26,V4,
7599 U,54.5,34,24,V4,
7600 U,49.8,20,15,V4,
7601 U,48.6,16,14,V4,
7602 U,49.4,11,12,V4,
7603 U,45.5,7,9,V4,
7604 U,87.5,7,3,V4,
7605 U,82.4,14,8,V4,
7606 U,72.2,25,13,V4,
7607 U,63.5,28,15,V4,
7608 U,53.3,26,15,V4,
7609 U,47.8,19,11,V4,
7610 U,44.3,13,7,V4,
3544 U,78.0,15,18,V4,
2444 U,73.7,20,13,V4,
3519 U,73.7,26,11,V4,
3572 U,77.6,40,23,V4,
2445 U,66.7,35,12,V4,
2446 U,64.3,30,10,V4,
2447 U,56.5,21,6,V4,
2337 U,81.6,27,16,V4,
2338 U,70.6,24,13,V4,
2339 U,71.0,38,18,V4,
2340 U,60.4,33,12,V4,
2341 U,55.3,23,9,V4,
2342 U,53.7,28,8,V4,
2343 U,52.5,25,5,V4,
4036 U,63.1,15,7,V4,
4037 U,58.0,18,11,V4,
4038 U,56.1,20,12,V4,
4039 U,52.9,21,12,V4,
4040 U,52.2,12,7,V4,
4041 U,50.2,9,5,V4,
4042 U,47.1,6,6,V4,
7611 U,83.1,10,9,V4,
7612 U,73.3,15,11,V4,
7613 U,69.0,15,10,V4,
7614 U,63.1,10,7,V4,
7615 U,56.9,7,4,V4,
7616 U,50.6,7,3,V4,
7617 U,44.3,6,2,V4,
7520 U,83.5,16,9,V4,
7521 U,69.4,13,11,V4,
7522 U,56.1,23,13,V4,
7523 U,54.9,22,8,V4,
7524 U,52.2,22,11,V4,
7525 U,53.7,13,10,V4,
7526 U,45.9,20,17,V4,
2437 U,82.4,18,26,V4,
2438 U,72.9,24,25,V4,
2439 U,62.0,22,18,V4,
2440 U,63.9,13,8,V4,
2441 U,55.7,17,13,V4,
2442 U,52.2,18,11,V4,
2443 U,44.7,21,17,V4,
4043 U,79.6,11,18,V4,
4044 U,68.6,13,16,V4,
4045 U,62.7,12,14,V4,
4046 U,62.0,9,12,V4,
4047 U,59.6,9,13,V4,
4048 U,56.9,7,13,V4,
4049 U,55.3,5,9,V4,
489 U,84.3,16,14,V4,
488 U,80.4,22,17,V4,
487 U,74.9,31,21,V4,
486 U,69.4,40,24,V4,
485 U,58.4,55,37,V4,
484 U,47.1,29,21,V4,
483 U,42.4,14,13,V4,
2029 U,69.4,45,22,V4,
2030 U,68.6,36,17,V4,
2031 U,63.5,39,18,V4,
2032 U,60.0,40,19,V4,
2033 U,56.5,40,20,V4,
2034 U,60.8,57,29,V4,
2035 U,53.3,63,38,V4,
2344 U,67.8,40,27,V4,
2345 U,70.2,54,32,V4,
2346 U,67.8,59,28,V4,
2347 U,55.3,64,47,V4,
2348 U,58.0,50,28,V4,
2349 U,49.4,47,38,V4,
2350 U,42.4,37,24,V4,
4050 U,72.2,21,18,V4,
4051 U,67.8,34,22,V4,
4052 U,67.1,32,20,V4,
4053 U,63.5,33,20,V4,
4054 U,53.7,25,18,V4,
4055 U,49.0,23,16,V4,
4056 U,42.0,14,10,V4,
4057 U,63.9,46,25,V4,
4058 U,61.2,51,24,V4,
4059 U,52.5,45,18,V4,
4060 U,52.5,44,17,V4,
4061 U,54.5,29,15,V4,
4062 U,49.8,30,13,V4,
4063 U,47.1,27,16,V4,
176 U,82.0,35,11,V4,
177 U,73.7,50,22,V4,
178 U,69.0,57,30,V4,
Warm Red U,65.1,61,39,V4,
179 U,58.4,52,34,V4,
180 U,52.9,38,23,V4,
181 U,43.5,20,13,V4,
1765 U,79.2,38,9,V4,
1775 U,72.9,49,16,V4,
1785 U,64.7,61,27,V4,
1788 U,62.4,62,32,V4,
1795 U,56.1,52,28,V4,
1805 U,49.8,38,19,V4,
1815 U,43.5,24,13,V4,
1767 U,83.1,29,4,V4,
1777 U,70.2,52,17,V4,
1787 U,63.9,61,26,V4,
Red 032 U,60.0,66,35,V4,
1797 U,51.8,51,26,V4,
1807 U,45.9,37,17,V4,
1817 U,40.0,16,7,V4,
2448 U,61.2,39,24,V4,
3556 U,57.6,61,40,V4,
3516 U,52.9,53,42,V4,
3546 U,48.2,54,31,V4,
3517 U,46.3,53,27,V4,
3523 U,41.6,18,6,V4,
2449 U,36.1,9,5,V4,
7618 U,64.7,28,22,V4,
7619 U,57.6,36,23,V4,
7620 U,53.3,41,23,V4,
7621 U,51.8,40,20,V4,
7622 U,48.6,31,14,V4,
7623 U,46.7,28,14,V4,
7624 U,43.9,22,12,V4,
7625 U,64.3,47,28,V4,
7626 U,56.5,45,26,V4,
7627 U,48.6,36,18,V4,
7628 U,47.8,33,16,V4,
7629 U,42.7,15,7,V4,
7630 U,40.8,12,6,V4,
7631 U,38.8,10,5,V4,
7415 U,78.4,20,16,V4,
7416 U,63.5,49,28,V4,
7417 U,61.6,51,31,V4,
7418 U,53.7,38,17,V4,
7419 U,49.8,28,8,V4,
7420 U,47.5,34,6,V4,
7421 U,39.2,22,1,V4,
182 U,82.7,30,3,V4,
183 U,72.9,47,10,V4,
184 U,65.9,58,18,V4,
185 U,59.2,64,29,V4,
186 U,53.7,53,22,V4,
187 U,47.8,39,15,V4,
188 U,42.4,23,8,V4,
4064 U,78.4,26,5,V4,
4065 U,76.1,25,8,V4,
4066 U,74.1,32,16,V4,
4067 U,71.4,35,15,V4,
4068 U,69.0,37,14,V4,
4069 U,54.9,39,13,V4,
4070 U,49.8,37,11,V4,
196 U,83.5,20,3,V4,
197 U,74.9,34,4,V4,
198 U,62.0,53,16,V4,
199 U,55.3,59,23,V4,
200 U,49.4,48,17,V4,
201 U,46.7,33,10,V4,
202 U,44.3,25,7,V4,
189 U,79.6,35,3,V4,
190 U,71.4,49,8,V4,
191 U,65.5,56,14,V4,
192 U,59.2,63,23,V4,
193 U,51.8,49,15,V4,
194 U,47.5,33,8,V4,
195 U,43.9,20,4,V4,
1895 U,81.2,31,-1,V4,
1905 U,75.7,41,1,V4,
1915 U,65.5,56,9,V4,
1925 U,57.6,63,19,V4,
1935 U,51.4,53,16,V4,
1945 U,48.6,40,8,V4,
1955 U,44.3,31,5,V4,
705 U,91.0,13,2,V4,
706 U,86.3,21,3,V4,
707 U,80.4,32,5,V4,
708 U,74.5,41,10,V4,
709 U,67.1,49,16,V4,
710 U,60.0,53,21,V4,
711 U,52.5,52,26,V4,
698 U,89.0,13,3,V4,
699 U,83.9,23,4,V4,
700 U,77.6,31,6,V4,
701 U,69.8,37,8,V4,
702 U,62.4,40,10,V4,
703 U,50.2,38,12,V4,
704 U,45.1,36,13,V4,
203 U,79.6,29,-3,V4,
204 U,68.2,47,2,V4,
205 U,60.0,56,9,V4,
206 U,52.9,62,17,V4,
207 U,47.1,44,8,V4,
208 U,43.9,28,1,V4,
209 U,42.4,20,0,V4,
210 U,77.6,40,-5,V4,
211 U,71.0,50,-3,V4,
212 U,65.1,57,2,V4,
213 U,58.8,62,7,V4,
214 U,54.1,55,6,V4,
215 U,47.8,42,2,V4,
216 U,42.7,25,0,V4,
2036 U,85.1,25,-3,V4,
2037 U,75.7,42,-8,V4,
2038 U,65.9,55,-2,V4,
2039 U,60.4,60,3,V4,
2040 U,53.7,64,16,V4,
2041 U,45.1,37,5,V4,
2042 U,39.2,21,4,V4,
7422 U,88.6,15,3,V4,
7423 U,63.5,46,8,V4,
7424 U,56.1,55,8,V4,
7425 U,51.8,42,6,V4,
7426 U,49.0,41,7,V4,
7427 U,46.3,37,11,V4,
7428 U,43.1,17,0,V4,
4071 U,64.3,31,2,V4,
4072 U,65.5,44,6,V4,
4073 U,54.9,42,7,V4,
4074 U,40.0,30,-2,V4,
4075 U,44.3,23,-1,V4,
4076 U,43.9,19,-1,V4,
4077 U,44.7,17,2,V4,
7632 U,84.3,5,1,V4,
7633 U,72.5,13,2,V4,
7634 U,61.2,33,2,V4,
7635 U,56.1,47,7,V4,
7636 U,52.2,48,10,V4,
7637 U,45.1,28,4,V4,
7638 U,42.4,22,3,V4,
217 U,83.5,23,-9,V4,
218 U,69.0,48,-8,V4,
219 U,59.6,59,-2,V4,
Rubine Red U,54.5,63,5,V4,
220 U,47.5,46,-1,V4,
221 U,44.3,38,-2,V4,
222 U,42.4,22,-4,V4,
7639 U,58.0,11,1,V4,
7640 U,49.4,24,2,V4,
7641 U,47.1,28,2,V4,
7642 U,42.0,19,-2,V4,
7643 U,42.0,15,-2,V4,
7644 U,40.4,12,-2,V4,
7645 U,39.2,10,-2,V4,
3568 U,84.3,22,-2,V4,
3595 U,80.4,28,-3,V4,
2450 U,57.6,51,0,V4,
3527 U,54.9,56,-8,V4,
3582 U,59.2,38,-6,V4,
2451 U,51.8,38,1,V4,
2452 U,51.8,47,3,V4,
223 U,77.6,38,-12,V4,
224 U,71.0,49,-13,V4,
225 U,61.6,60,-8,V4,
226 U,54.5,64,-1,V4,
227 U,46.7,47,-4,V4,
228 U,42.0,31,-6,V4,
229 U,40.4,19,-4,V4,
230 U,81.2,33,-11,V4,
231 U,71.0,51,-14,V4,
232 U,64.7,59,-12,V4,
Rhodamine Red U,57.3,65,-7,V4,
233 U,51.0,57,-6,V4,
234 U,46.7,43,-7,V4,
235 U,42.7,32,-7,V4,
670 U,88.2,13,-4,V4,
671 U,83.5,20,-7,V4,
672 U,76.1,30,-9,V4,
673 U,68.6,38,-10,V4,
674 U,60.0,42,-8,V4,
675 U,53.7,43,-7,V4,
676 U,47.1,41,-4,V4,
2043 U,82.7,19,-2,V4,
2044 U,71.4,37,-3,V4,
2045 U,64.3,42,-1,V4,
2046 U,58.4,42,0,V4,
2047 U,48.6,29,-2,V4,
2048 U,45.9,27,-1,V4,
2049 U,42.7,25,1,V4,
677 U,86.7,12,-4,V4,
678 U,81.6,17,-5,V4,
679 U,75.3,21,-7,V4,
680 U,63.9,25,-7,V4,
681 U,53.7,26,-7,V4,
682 U,45.9,25,-6,V4,
683 U,40.8,23,-4,V4,
2050 U,90.2,11,-3,V4,
2051 U,83.1,12,-3,V4,
2052 U,72.2,18,-5,V4,
2053 U,63.1,21,-6,V4,
2054 U,56.9,18,-6,V4,
2055 U,52.5,18,-6,V4,
2056 U,47.5,17,-6,V4,
4078 U,82.4,19,-5,V4,
4079 U,72.9,19,-8,V4,
4080 U,74.1,18,-10,V4,
4081 U,62.0,14,-7,V4,
4082 U,54.9,24,-8,V4,
4083 U,48.6,17,-17,V4,
4084 U,43.1,16,-7,V4,
684 U,85.1,13,-3,V4,
685 U,80.8,16,-4,V4,
686 U,73.3,20,-5,V4,
687 U,63.9,22,-6,V4,
688 U,54.1,22,-6,V4,
689 U,46.7,21,-5,V4,
690 U,39.6,21,-1,V4,
510 U,82.4,20,1,V4,
509 U,77.3,24,1,V4,
508 U,71.8,27,2,V4,
507 U,66.3,27,0,V4,
506 U,48.6,24,2,V4,
505 U,44.7,20,3,V4,
504 U,43.1,15,3,V4,
7429 U,85.1,14,-2,V4,
7430 U,78.8,21,-3,V4,
7431 U,72.9,26,-3,V4,
7432 U,62.0,30,-2,V4,
7433 U,56.1,33,0,V4,
7434 U,51.8,30,0,V4,
7435 U,43.5,26,-2,V4,
691 U,87.1,11,3,V4,
692 U,81.6,16,3,V4,
693 U,72.9,21,4,V4,
694 U,64.3,22,4,V4,
695 U,55.7,23,4,V4,
696 U,48.6,22,5,V4,
697 U,42.4,21,6,V4,
496 U,83.9,21,3,V4,
495 U,78.4,26,4,V4,
494 U,71.8,29,5,V4,
493 U,60.8,31,7,V4,
492 U,47.5,26,11,V4,
491 U,44.3,22,10,V4,
490 U,40.0,14,7,V4,
503 U,85.5,13,4,V4,
502 U,78.8,17,4,V4,
501 U,72.9,19,5,V4,
500 U,62.7,20,5,V4,
499 U,45.9,17,9,V4,
498 U,43.1,14,7,V4,
497 U,40.0,9,6,V4,
4085 U,71.0,8,8,V4,
4086 U,66.7,10,3,V4,
4087 U,64.3,10,6,V4,
4088 U,59.2,8,7,V4,
4089 U,60.0,7,4,V4,
4090 U,54.1,6,7,V4,
4091 U,50.2,7,3,V4,
4092 U,69.8,17,-2,V4,
4093 U,60.0,12,2,V4,
4094 U,54.5,12,-1,V4,
4095 U,50.6,15,-1,V4,
4096 U,48.2,13,3,V4,
4097 U,48.2,11,1,V4,
4098 U,47.8,8,5,V4,
5035 U,82.7,11,4,V4,
5025 U,77.6,14,3,V4,
5015 U,70.2,16,4,V4,
5005 U,61.6,16,3,V4,
4995 U,54.9,16,3,V4,
4985 U,49.0,15,4,V4,
4975 U,39.6,12,6,V4,
4099 U,60.4,13,5,V4,
4100 U,49.0,13,4,V4,
4101 U,40.4,20,7,V4,
4102 U,37.6,19,5,V4,
4103 U,39.6,15,2,V4,
4104 U,42.7,7,3,V4,
4105 U,43.1,8,7,V4,
236 U,78.0,37,-15,V4,
237 U,71.8,46,-17,V4,
238 U,65.1,54,-18,V4,
239 U,57.6,60,-16,V4,
240 U,52.9,50,-14,V4,
241 U,49.0,43,-12,V4,
242 U,44.7,25,-7,V4,
2057 U,72.2,26,-8,V4,
2058 U,60.8,21,-10,V4,
2059 U,61.6,25,-8,V4,
2060 U,61.6,37,-12,V4,
2061 U,55.7,32,-8,V4,
2062 U,51.8,38,-11,V4,
2063 U,46.7,37,-10,V4,
2365 U,83.5,26,-12,V4,
2375 U,69.8,46,-21,V4,
2385 U,63.5,53,-21,V4,
2395 U,56.9,58,-20,V4,
2405 U,52.2,48,-18,V4,
2415 U,49.0,42,-16,V4,
2425 U,45.1,33,-12,V4,
243 U,80.0,30,-16,V4,
244 U,74.1,39,-21,V4,
245 U,66.7,47,-24,V4,
246 U,56.1,57,-24,V4,
247 U,51.8,52,-21,V4,
248 U,46.3,41,-17,V4,
249 U,43.5,25,-10,V4,
7646 U,60.8,20,-4,V4,
7647 U,53.7,34,-5,V4,
7648 U,46.3,36,-8,V4,
7649 U,44.3,32,-9,V4,
7650 U,42.4,24,-9,V4,
7651 U,43.5,19,-10,V4,
7652 U,40.0,16,-8,V4,
250 U,81.2,26,-16,V4,
251 U,71.8,38,-25,V4,
252 U,61.2,48,-31,V4,
Purple U,52.9,54,-31,V4,
253 U,51.8,48,-28,V4,
254 U,47.5,39,-24,V4,
255 U,43.1,23,-14,V4,
2064 U,71.0,36,-16,V4,
2065 U,73.7,31,-20,V4,
2066 U,67.8,36,-24,V4,
2067 U,59.6,39,-27,V4,
2068 U,54.1,40,-28,V4,
2069 U,50.2,40,-28,V4,
2070 U,43.9,39,-27,V4,
517 U,85.1,18,-7,V4,
516 U,79.6,22,-11,V4,
515 U,74.9,28,-15,V4,
514 U,66.3,33,-18,V4,
513 U,49.4,32,-20,V4,
512 U,44.3,25,-13,V4,
511 U,40.0,15,-6,V4,
2351 U,61.6,29,-16,V4,
2352 U,56.5,32,-16,V4,
2353 U,51.8,44,-16,V4,
2354 U,48.2,23,-15,V4,
2355 U,39.6,33,-18,V4,
2356 U,36.5,32,-16,V4,
2357 U,34.5,21,-6,V4,
7653 U,62.4,5,-5,V4,
7654 U,61.2,17,-10,V4,
7655 U,56.5,25,-13,V4,
7656 U,49.0,26,-14,V4,
7657 U,42.7,20,-11,V4,
7658 U,43.5,16,-9,V4,
7659 U,40.8,11,-7,V4,
5175 U,81.6,9,-3,V4,
5165 U,75.7,11,-5,V4,
5155 U,67.8,13,-7,V4,
5145 U,60.0,14,-8,V4,
5135 U,51.0,14,-8,V4,
5125 U,45.1,14,-7,V4,
5115 U,39.2,13,-4,V4,
4106 U,72.9,11,-1,V4,
4107 U,65.5,10,-5,V4,
4108 U,60.0,13,-4,V4,
4109 U,56.5,14,-3,V4,
4110 U,54.1,9,-5,V4,
4111 U,49.4,10,-3,V4,
4112 U,53.7,9,0,V4,
5245 U,84.7,6,-1,V4,
5235 U,80.4,8,-2,V4,
5225 U,72.5,10,-4,V4,
5215 U,60.8,10,-5,V4,
5205 U,54.1,10,-5,V4,
5195 U,47.8,10,-4,V4,
5185 U,43.1,9,-2,V4,
4113 U,64.7,8,0,V4,
4114 U,63.1,6,-2,V4,
4115 U,60.0,7,0,V4,
4116 U,60.0,6,2,V4,
4117 U,53.3,5,-6,V4,
4118 U,44.3,5,-6,V4,
4119 U,40.8,3,-4,V4,
524 U,82.0,11,-9,V4,
523 U,77.3,14,-12,V4,
522 U,69.0,17,-16,V4,
521 U,61.6,18,-18,V4,
520 U,45.1,20,-17,V4,
519 U,43.1,15,-13,V4,
518 U,40.4,10,-6,V4,
7436 U,88.2,14,-8,V4,
7437 U,77.3,16,-12,V4,
7438 U,71.8,31,-21,V4,
7439 U,69.0,19,-16,V4,
7440 U,65.9,18,-14,V4,
7441 U,60.0,30,-32,V4,
7442 U,51.4,36,-38,V4,
2562 U,76.9,26,-23,V4,
2572 U,68.2,34,-30,V4,
2582 U,60.0,39,-35,V4,
2592 U,52.9,42,-37,V4,
2602 U,47.5,37,-31,V4,
2612 U,43.9,28,-22,V4,
2622 U,43.1,18,-12,V4,
531 U,83.5,15,-14,V4,
530 U,79.2,19,-19,V4,
529 U,72.9,24,-25,V4,
528 U,63.9,29,-31,V4,
527 U,49.0,32,-34,V4,
526 U,43.5,25,-25,V4,
525 U,40.8,16,-13,V4,
256 U,77.3,17,-15,V4,
257 U,68.6,22,-19,V4,
258 U,55.7,25,-23,V4,
259 U,49.8,26,-22,V4,
260 U,47.8,21,-16,V4,
261 U,45.5,17,-13,V4,
262 U,42.7,13,-9,V4,
2563 U,72.2,24,-22,V4,
2573 U,63.5,28,-27,V4,
2583 U,55.3,29,-28,V4,
2593 U,47.5,29,-28,V4,
2603 U,44.3,26,-23,V4,
2613 U,42.7,23,-20,V4,
2623 U,40.8,19,-16,V4,
2078 U,71.0,12,-11,V4,
2079 U,61.2,14,-13,V4,
2080 U,55.7,18,-21,V4,
2081 U,51.4,18,-21,V4,
2082 U,48.2,17,-20,V4,
2083 U,54.9,30,-40,V4,
2084 U,47.5,31,-39,V4,
2453 U,65.1,20,-19,V4,
3520 U,57.6,28,-27,V4,
3559 U,45.9,25,-27,V4,
3593 U,51.8,22,-27,V4,
3575 U,52.9,22,-34,V4,
3543 U,59.2,19,-34,V4,
3515 U,36.1,25,-24,V4,
2071 U,76.5,15,-20,V4,
2072 U,67.8,21,-27,V4,
2073 U,65.9,18,-29,V4,
2074 U,55.3,23,-32,V4,
2075 U,53.7,20,-34,V4,
2076 U,51.4,23,-33,V4,
2077 U,42.7,23,-34,V4,
7660 U,63.1,5,-9,V4,
7661 U,55.7,13,-13,V4,
7662 U,47.5,18,-16,V4,
7663 U,43.5,18,-17,V4,
7664 U,43.1,16,-18,V4,
7665 U,42.7,13,-14,V4,
7666 U,45.5,5,-7,V4,
2567 U,70.2,21,-26,V4,
2577 U,58.8,25,-32,V4,
2587 U,52.2,26,-33,V4,
2597 U,45.1,27,-34,V4,
2607 U,43.1,23,-28,V4,
2617 U,40.8,21,-24,V4,
2627 U,39.2,17,-19,V4,
263 U,82.4,13,-15,V4,
264 U,70.6,21,-30,V4,
265 U,57.6,27,-41,V4,
266 U,50.2,29,-44,V4,
267 U,45.9,26,-38,V4,
268 U,42.4,19,-27,V4,
269 U,40.8,15,-19,V4,
2085 U,87.1,11,-10,V4,
2086 U,63.1,16,-29,V4,
2087 U,60.8,23,-39,V4,
2088 U,51.4,25,-44,V4,
2089 U,47.1,25,-44,V4,
2090 U,44.3,26,-44,V4,
2091 U,38.8,25,-42,V4,
2635 U,76.9,13,-22,V4,
2645 U,70.6,17,-30,V4,
2655 U,61.6,22,-38,V4,
2665 U,52.9,25,-43,V4,
Violet U,43.9,26,-44,V4,
2685 U,43.9,22,-37,V4,
2695 U,42.0,11,-17,V4,
2092 U,72.2,11,-22,V4,
2093 U,65.1,11,-19,V4,
2094 U,57.6,11,-20,V4,
2095 U,51.4,15,-31,V4,
2096 U,48.2,15,-31,V4,
2097 U,45.1,23,-46,V4,
2098 U,40.8,23,-44,V4,
2099 U,68.2,11,-20,V4,
2100 U,64.7,14,-27,V4,
2101 U,56.5,20,-42,V4,
2102 U,48.2,14,-35,V4,
2103 U,45.1,15,-35,V4,
2104 U,42.4,15,-34,V4,
2105 U,37.6,16,-28,V4,
4120 U,71.8,10,-19,V4,
4121 U,63.9,10,-18,V4,
4122 U,54.5,12,-29,V4,
4123 U,65.1,2,-13,V4,
4124 U,62.0,3,-16,V4,
4125 U,47.8,2,-9,V4,
4126 U,41.6,6,-10,V4,
270 U,72.2,7,-25,V4,
271 U,65.5,9,-30,V4,
272 U,57.6,11,-34,V4,
273 U,42.4,14,-33,V4,
274 U,39.6,12,-28,V4,
275 U,38.4,11,-25,V4,
276 U,37.3,7,-14,V4,
3558 U,62.4,7,-31,V4,
3555 U,38.4,16,-21,V4,
3583 U,37.3,17,-27,V4,
3574 U,43.1,8,-15,V4,
3566 U,37.6,11,-19,V4,
3535 U,34.5,18,-28,V4,
3542 U,35.3,14,-26,V4,
2705 U,75.3,9,-26,V4,
2715 U,65.5,13,-36,V4,
2725 U,57.3,17,-42,V4,
2735 U,42.4,22,-46,V4,
2745 U,39.6,17,-37,V4,
2755 U,38.0,13,-30,V4,
2765 U,35.7,10,-22,V4,
7667 U,58.0,1,-17,V4,
7668 U,54.1,4,-20,V4,
7669 U,51.4,7,-23,V4,
7670 U,47.8,8,-24,V4,
7671 U,45.9,9,-23,V4,
7672 U,44.7,9,-22,V4,
7673 U,46.7,5,-18,V4,
7443 U,87.1,4,-9,V4,
7444 U,77.3,5,-19,V4,
7445 U,69.8,6,-16,V4,
7446 U,62.4,11,-32,V4,
7447 U,50.2,9,-16,V4,
7448 U,45.1,6,-6,V4,
7449 U,36.5,9,-4,V4,
7674 U,62.4,4,-19,V4,
7675 U,58.4,4,-20,V4,
7676 U,52.9,10,-22,V4,
7677 U,48.6,13,-21,V4,
7678 U,45.9,13,-22,V4,
7679 U,43.9,12,-21,V4,
7680 U,40.4,13,-20,V4,
663 U,87.5,4,-4,V4,
664 U,84.3,5,-6,V4,
665 U,76.5,7,-10,V4,
666 U,67.8,9,-13,V4,
667 U,56.5,9,-14,V4,
668 U,50.6,10,-14,V4,
669 U,43.9,10,-14,V4,
5315 U,86.7,2,-5,V4,
5305 U,78.8,3,-8,V4,
5295 U,71.8,4,-11,V4,
5285 U,62.0,4,-13,V4,
5275 U,51.4,4,-14,V4,
5265 U,45.9,5,-13,V4,
5255 U,38.0,6,-12,V4,
2358 U,64.7,5,-5,V4,
2359 U,51.4,5,-7,V4,
2360 U,52.9,3,-9,V4,
2361 U,50.2,3,-13,V4,
2362 U,50.2,3,-9,V4,
2363 U,46.7,3,-9,V4,
2364 U,45.9,5,-6,V4,
4127 U,54.5,2,-10,V4,
4128 U,51.4,2,-10,V4,
4129 U,51.8,0,-9,V4,
4130 U,43.9,-1,-8,V4,
4131 U,45.1,1,-7,V4,
4132 U,42.7,2,-6,V4,
4133 U,40.4,1,-4,V4,
2106 U,75.3,2,-14,V4,
2107 U,66.3,1,-17,V4,
2108 U,56.9,2,-19,V4,
2109 U,52.2,3,-19,V4,
2110 U,49.4,3,-19,V4,
2111 U,45.1,3,-19,V4,
2112 U,32.9,12,-21,V4,
2113 U,72.9,5,-29,V4,
2114 U,65.1,5,-29,V4,
2115 U,59.6,6,-31,V4,
2116 U,54.9,8,-32,V4,
2117 U,45.9,9,-32,V4,
2118 U,39.6,7,-24,V4,
2119 U,37.3,6,-20,V4,
2366 U,50.6,16,-46,V4,
2367 U,45.1,15,-40,V4,
2368 U,44.3,18,-47,V4,
2369 U,42.4,17,-46,V4,
2370 U,40.8,14,-36,V4,
2371 U,34.5,20,-37,V4,
2372 U,35.3,11,-28,V4,
538 U,85.1,-2,-7,V4,
537 U,80.4,-3,-10,V4,
536 U,72.5,-3,-14,V4,
535 U,63.9,-2,-17,V4,
534 U,43.5,0,-18,V4,
533 U,42.4,1,-13,V4,
532 U,38.8,1,-5,V4,
7541 U,89.8,-3,-3,V4,
7542 U,77.6,-6,-7,V4,
7543 U,74.1,-3,-6,V4,
7544 U,66.7,-3,-7,V4,
7545 U,54.1,-3,-8,V4,
7546 U,46.7,-2,-7,V4,
7547 U,35.3,0,-6,V4,
2162 U,67.1,-1,-9,V4,
2163 U,65.1,-4,-12,V4,
2164 U,61.2,-4,-13,V4,
2165 U,55.3,-4,-13,V4,
2166 U,51.8,-4,-13,V4,
2167 U,49.0,-4,-13,V4,
2168 U,42.7,-5,-10,V4,
4134 U,66.3,1,-9,V4,
4135 U,56.5,0,-12,V4,
4136 U,51.8,-2,-10,V4,
4137 U,45.1,-2,-11,V4,
4138 U,46.7,-2,-9,V4,
4139 U,45.1,-1,-7,V4,
4140 U,40.0,0,-4,V4,
2373 U,54.5,0,-15,V4,
2374 U,43.9,0,-15,V4,
2376 U,45.5,-1,-11,V4,
2377 U,43.1,-4,-14,V4,
2378 U,39.6,0,-13,V4,
2379 U,38.4,0,-8,V4,
2380 U,36.9,0,-9,V4,
552 U,80.8,-9,-11,V4,
551 U,74.5,-12,-13,V4,
550 U,66.3,-13,-17,V4,
549 U,60.0,-13,-17,V4,
548 U,37.6,-8,-15,V4,
547 U,35.7,-6,-12,V4,
546 U,32.9,-3,-7,V4,
5455 U,84.7,-4,-7,V4,
5445 U,78.8,-5,-9,V4,
5435 U,71.8,-6,-12,V4,
5425 U,58.8,-6,-14,V4,
5415 U,51.4,-6,-14,V4,
5405 U,45.5,-5,-13,V4,
5395 U,31.8,0,-9,V4,
2155 U,74.1,-5,-15,V4,
2156 U,67.8,-5,-18,V4,
2157 U,60.8,-4,-20,V4,
2158 U,56.1,-5,-20,V4,
2159 U,52.5,-4,-20,V4,
2160 U,48.6,-4,-20,V4,
2161 U,43.5,-4,-21,V4,
2134 U,71.0,0,-23,V4,
2135 U,62.4,1,-28,V4,
2136 U,60.8,0,-20,V4,
2137 U,55.3,1,-21,V4,
2138 U,50.6,-1,-14,V4,
2139 U,48.6,-1,-21,V4,
2140 U,43.1,1,-22,V4,
642 U,87.8,-3,-8,V4,
643 U,83.1,-4,-12,V4,
644 U,73.3,-5,-18,V4,
645 U,65.1,-5,-22,V4,
646 U,56.9,-5,-23,V4,
647 U,49.8,-4,-23,V4,
648 U,40.4,-1,-21,V4,
649 U,91.0,-2,-5,V4,
650 U,88.6,-2,-7,V4,
651 U,77.6,-3,-16,V4,
652 U,65.5,-3,-21,V4,
653 U,52.5,-2,-23,V4,
654 U,43.5,-1,-23,V4,
655 U,38.8,1,-22,V4,
656 U,92.2,-2,-6,V4,
657 U,89.0,-2,-10,V4,
658 U,82.0,-3,-19,V4,
659 U,72.5,-3,-29,V4,
660 U,56.5,0,-39,V4,
661 U,43.5,4,-41,V4,
662 U,36.1,7,-37,V4,
2127 U,81.2,-3,-15,V4,
2128 U,72.2,-2,-30,V4,
2129 U,59.2,3,-44,V4,
2130 U,52.5,9,-47,V4,
2131 U,46.7,10,-45,V4,
2132 U,47.1,9,-50,V4,
2133 U,47.1,2,-35,V4,
7450 U,81.2,0,-12,V4,
7451 U,71.8,-1,-32,V4,
7452 U,66.7,6,-37,V4,
7453 U,69.0,-3,-33,V4,
7454 U,61.2,-6,-23,V4,
7455 U,52.5,4,-35,V4,
7456 U,57.6,6,-30,V4,
2120 U,78.8,0,-22,V4,
2121 U,68.6,-2,-28,V4,
2122 U,67.5,3,-35,V4,
2123 U,58.8,7,-44,V4,
2124 U,52.2,13,-47,V4,
2125 U,48.2,15,-48,V4,
2126 U,41.6,16,-47,V4,
2706 U,84.7,1,-16,V4,
2716 U,71.8,5,-32,V4,
2726 U,53.3,12,-46,V4,
2736 U,43.9,16,-49,V4,
2746 U,41.6,12,-40,V4,
2756 U,40.0,7,-28,V4,
2766 U,38.8,5,-20,V4,
2708 U,80.0,-2,-22,V4,
2718 U,56.5,6,-46,V4,
2728 U,45.5,11,-51,V4,
2738 U,35.7,16,-49,V4,
2748 U,35.3,9,-36,V4,
2758 U,33.7,6,-27,V4,
2768 U,33.3,4,-19,V4,
2707 U,86.3,-3,-16,V4,
2717 U,79.2,-4,-26,V4,
2727 U,59.2,4,-51,V4,
Blue 072 U,32.9,23,-59,V4,
2747 U,34.9,9,-39,V4,
2757 U,34.1,6,-29,V4,
2767 U,32.5,3,-15,V4,
277 U,81.2,-6,-22,V4,
278 U,73.3,-6,-32,V4,
279 U,57.6,-1,-46,V4,
Reflex Blue U,33.3,14,-48,V4,
280 U,31.8,7,-34,V4,
281 U,31.8,5,-27,V4,
282 U,31.0,3,-19,V4,
283 U,77.6,-8,-25,V4,
284 U,69.4,-8,-35,V4,
285 U,52.5,-1,-48,V4,
286 U,36.5,7,-48,V4,
287 U,37.3,4,-39,V4,
288 U,35.7,2,-32,V4,
289 U,33.3,0,-18,V4,
3506 U,47.1,1,-34,V4,
3590 U,45.5,5,-29,V4,
3584 U,40.4,5,-22,V4,
3591 U,38.0,6,-27,V4,
3597 U,38.8,3,-20,V4,
3581 U,38.0,4,-19,V4,
3524 U,36.9,4,-11,V4,
4141 U,45.5,3,-28,V4,
4142 U,43.5,3,-19,V4,
4143 U,45.5,-1,-12,V4,
4144 U,37.6,3,-10,V4,
4145 U,39.2,2,-10,V4,
4146 U,32.2,5,-13,V4,
4147 U,31.0,6,-9,V4,
7681 U,70.6,-2,-20,V4,
7682 U,61.6,-1,-25,V4,
7683 U,53.3,-1,-28,V4,
7684 U,49.0,1,-28,V4,
7685 U,47.1,1,-27,V4,
7686 U,43.9,1,-28,V4,
7687 U,40.4,3,-28,V4,
2141 U,72.5,-10,-31,V4,
2142 U,71.0,-5,-32,V4,
2143 U,57.3,-3,-39,V4,
2144 U,50.2,-1,-41,V4,
2145 U,44.7,1,-41,V4,
2146 U,34.9,5,-41,V4,
2147 U,34.1,6,-33,V4,
545 U,80.8,-8,-16,V4,
544 U,75.3,-9,-21,V4,
543 U,67.1,-9,-27,V4,
542 U,61.6,-9,-29,V4,
541 U,34.9,-2,-26,V4,
540 U,33.7,-1,-20,V4,
539 U,33.7,-1,-13,V4,
290 U,82.0,-11,-19,V4,
291 U,73.3,-12,-31,V4,
292 U,65.9,-10,-39,V4,
293 U,37.6,3,-49,V4,
294 U,36.9,-1,-31,V4,
295 U,32.9,-3,-23,V4,
296 U,32.9,-2,-12,V4,
2905 U,77.3,-14,-26,V4,
2915 U,69.0,-14,-36,V4,
2925 U,58.8,-11,-44,V4,
2935 U,38.8,0,-48,V4,
2945 U,35.7,-3,-35,V4,
2955 U,35.3,-4,-22,V4,
2965 U,33.3,-5,-15,V4,
2169 U,69.4,-10,-24,V4,
2170 U,59.2,-9,-29,V4,
2171 U,59.6,-7,-44,V4,
2172 U,54.5,1,-47,V4,
2173 U,52.5,-2,-49,V4,
2174 U,49.8,-1,-50,V4,
2175 U,46.7,-2,-50,V4,
2381 U,58.0,1,-44,V4,
2382 U,52.9,-2,-49,V4,
2383 U,47.1,-4,-31,V4,
2384 U,42.4,-5,-31,V4,
2386 U,47.8,7,-45,V4,
2387 U,44.7,9,-50,V4,
2388 U,40.4,6,-45,V4,
4148 U,63.5,-11,-18,V4,
4149 U,69.0,-6,-19,V4,
4150 U,54.9,0,-32,V4,
4151 U,47.1,-4,-36,V4,
4152 U,45.9,0,-28,V4,
4153 U,43.1,0,-25,V4,
4154 U,42.0,-1,-21,V4,
297 U,77.3,-19,-26,V4,
298 U,68.2,-19,-37,V4,
299 U,57.3,-15,-46,V4,
300 U,43.1,-7,-49,V4,
301 U,38.8,-8,-31,V4,
302 U,37.3,-9,-20,V4,
303 U,34.9,-6,-13,V4,
7688 U,60.4,-10,-33,V4,
7689 U,58.0,-11,-32,V4,
7690 U,50.6,-10,-28,V4,
7691 U,45.5,-7,-27,V4,
7692 U,43.5,-5,-23,V4,
7693 U,41.2,-4,-20,V4,
7694 U,39.6,-3,-17,V4,
2148 U,59.6,-7,-22,V4,
2149 U,55.3,-7,-22,V4,
2150 U,51.4,-6,-22,V4,
2151 U,47.5,-3,-28,V4,
2152 U,46.7,-6,-22,V4,
2153 U,43.5,-5,-20,V4,
2154 U,39.6,-2,-26,V4,
2183 U,56.5,-17,-30,V4,
2184 U,54.5,-7,-48,V4,
2185 U,49.8,-14,-29,V4,
2186 U,38.0,-7,-33,V4,
2187 U,37.6,-6,-24,V4,
2188 U,37.3,-6,-21,V4,
2189 U,36.1,-5,-13,V4,
2975 U,80.8,-20,-21,V4,
2985 U,69.0,-22,-35,V4,
2995 U,59.6,-18,-44,V4,
3005 U,46.7,-10,-48,V4,
3015 U,41.6,-12,-32,V4,
3025 U,38.4,-10,-20,V4,
3035 U,35.3,-7,-12,V4,
2190 U,68.2,-17,-38,V4,
2191 U,63.1,-15,-43,V4,
2192 U,58.0,-15,-47,V4,
2193 U,55.3,-10,-49,V4,
2194 U,54.5,-12,-49,V4,
2195 U,50.6,-4,-50,V4,
2196 U,40.4,-8,-40,V4,
7695 U,66.3,-10,-16,V4,
7696 U,61.2,-12,-16,V4,
7697 U,56.9,-10,-16,V4,
7698 U,51.4,-7,-14,V4,
7699 U,47.8,-6,-14,V4,
7700 U,45.9,-6,-17,V4,
7701 U,42.7,-9,-17,V4,
2176 U,77.6,-5,-7,V4,
2177 U,67.1,-8,-10,V4,
2178 U,60.8,-8,-10,V4,
2179 U,55.3,-8,-11,V4,
2180 U,49.8,-8,-11,V4,
2181 U,45.5,-7,-11,V4,
2182 U,43.1,-7,-10,V4,
2204 U,80.0,-10,-11,V4,
2205 U,69.4,-11,-16,V4,
2206 U,64.3,-9,-16,V4,
2207 U,61.6,-11,-18,V4,
2208 U,56.5,-10,-17,V4,
2209 U,56.1,-10,-18,V4,
2210 U,40.8,-6,-18,V4,
4155 U,78.0,-6,-5,V4,
4156 U,72.9,-13,-14,V4,
4157 U,64.3,-19,-20,V4,
4158 U,51.0,-11,-17,V4,
4159 U,43.1,-8,-22,V4,
4160 U,39.2,-7,-13,V4,
4161 U,40.8,-3,-8,V4,
7457 U,87.5,-11,-10,V4,
7458 U,63.9,-16,-21,V4,
7459 U,55.3,-15,-22,V4,
7460 U,52.2,-28,-41,V4,
7461 U,56.9,-13,-36,V4,
7462 U,49.4,-5,-27,V4,
7463 U,41.6,-3,-17,V4,
304 U,82.7,-23,-17,V4,
305 U,74.9,-28,-29,V4,
306 U,66.7,-29,-38,V4,
Process Blue U,49.4,-20,-47,V4,
307 U,43.9,-18,-36,V4,
308 U,40.0,-15,-23,V4,
309 U,35.3,-8,-11,V4,
635 U,86.3,-17,-13,V4,
636 U,81.6,-22,-20,V4,
637 U,74.5,-26,-26,V4,
638 U,68.2,-27,-32,V4,
639 U,58.8,-26,-37,V4,
640 U,51.8,-23,-37,V4,
641 U,45.5,-19,-36,V4,
3577 U,68.2,-10,-24,V4,
3545 U,66.3,-32,-36,V4,
3551 U,56.5,-37,-32,V4,
3538 U,53.3,-16,-44,V4,
3553 U,45.5,-13,-40,V4,
2454 U,49.0,-10,-22,V4,
3526 U,54.1,-6,-7,V4,
2389 U,61.6,-13,-29,V4,
2390 U,52.5,-10,-27,V4,
2391 U,51.8,-14,-23,V4,
2392 U,49.8,-9,-16,V4,
2393 U,57.3,-20,-39,V4,
2394 U,54.9,-19,-44,V4,
2396 U,55.7,-28,-23,V4,
7702 U,65.1,-19,-24,V4,
7703 U,60.8,-21,-26,V4,
7704 U,53.3,-19,-27,V4,
7705 U,48.6,-15,-24,V4,
7706 U,47.8,-13,-22,V4,
7707 U,45.5,-12,-18,V4,
7708 U,42.4,-11,-16,V4,
2197 U,78.4,-28,-23,V4,
2198 U,74.1,-32,-28,V4,
2199 U,68.2,-34,-32,V4,
2200 U,63.9,-24,-26,V4,
2201 U,63.9,-34,-35,V4,
2202 U,63.1,-27,-43,V4,
2203 U,53.3,-22,-28,V4,
628 U,85.9,-14,-9,V4,
629 U,78.8,-20,-15,V4,
630 U,74.1,-22,-19,V4,
631 U,67.1,-24,-23,V4,
632 U,57.6,-23,-25,V4,
633 U,49.4,-20,-25,V4,
634 U,42.4,-17,-24,V4,
310 U,76.9,-30,-23,V4,
311 U,69.4,-34,-29,V4,
312 U,63.5,-34,-32,V4,
313 U,51.4,-32,-34,V4,
314 U,46.3,-27,-28,V4,
315 U,39.2,-18,-18,V4,
316 U,35.7,-10,-9,V4,
3105 U,75.7,-34,-21,V4,
3115 U,69.4,-37,-25,V4,
3125 U,62.0,-38,-27,V4,
3135 U,51.0,-37,-28,V4,
3145 U,44.3,-27,-20,V4,
3155 U,39.6,-20,-16,V4,
3165 U,35.7,-14,-12,V4,
7709 U,67.8,-21,-14,V4,
7710 U,63.5,-29,-18,V4,
7711 U,58.0,-31,-20,V4,
7712 U,52.2,-25,-20,V4,
7713 U,50.6,-25,-16,V4,
7714 U,49.0,-23,-14,V4,
7715 U,43.9,-16,-10,V4,
2218 U,68.2,-17,-15,V4,
2219 U,63.5,-17,-16,V4,
2220 U,60.0,-16,-16,V4,
2221 U,56.1,-17,-16,V4,
2222 U,53.3,-16,-17,V4,
2223 U,49.8,-16,-17,V4,
2224 U,45.5,-15,-17,V4,
317 U,87.8,-20,-7,V4,
318 U,79.6,-33,-15,V4,
319 U,72.9,-39,-18,V4,
320 U,55.7,-45,-20,V4,
321 U,47.5,-36,-17,V4,
322 U,43.1,-25,-13,V4,
323 U,37.3,-17,-9,V4,
2225 U,80.0,-30,-18,V4,
2226 U,74.9,-35,-21,V4,
2227 U,71.8,-27,-17,V4,
2228 U,60.0,-41,-27,V4,
2229 U,56.5,-41,-28,V4,
2230 U,54.5,-27,-21,V4,
2231 U,49.4,-27,-21,V4,
4162 U,82.4,-19,1,V4,
4163 U,75.7,-25,0,V4,
4164 U,52.9,-22,-1,V4,
4165 U,45.1,-13,-3,V4,
4166 U,50.6,-12,-4,V4,
4167 U,45.5,-12,-2,V4,
4168 U,38.4,-5,-4,V4,
7464 U,83.5,-17,-5,V4,
7465 U,72.5,-38,-3,V4,
7466 U,64.3,-44,-20,V4,
7467 U,60.0,-45,-21,V4,
7468 U,46.7,-13,-23,V4,
7469 U,43.1,-12,-22,V4,
7470 U,44.3,-12,-17,V4,
7471 U,83.1,-33,-7,V4,
7472 U,71.0,-28,-7,V4,
7473 U,62.4,-26,-3,V4,
7474 U,52.9,-22,-14,V4,
7475 U,54.9,-12,-6,V4,
7476 U,47.5,-11,-7,V4,
7477 U,45.9,-6,-8,V4,
2211 U,64.3,-11,-10,V4,
2212 U,55.7,-11,-11,V4,
2213 U,49.8,-11,-8,V4,
2214 U,50.2,-11,-10,V4,
2215 U,42.7,-7,-10,V4,
2216 U,40.0,-6,-8,V4,
2217 U,35.3,-6,-8,V4,
5523 U,83.1,-9,-4,V4,
5513 U,78.8,-10,-6,V4,
5503 U,71.4,-12,-8,V4,
5493 U,61.2,-13,-9,V4,
5483 U,51.4,-12,-9,V4,
5473 U,43.9,-10,-9,V4,
5463 U,31.8,-5,-8,V4,
2232 U,67.8,-19,-10,V4,
2233 U,63.5,-20,-13,V4,
2234 U,60.0,-20,-11,V4,
2235 U,56.9,-21,-13,V4,
2236 U,55.3,-20,-12,V4,
2237 U,53.3,-19,-11,V4,
2238 U,44.7,-20,-13,V4,
7716 U,57.6,-27,-8,V4,
7717 U,53.3,-27,-8,V4,
7718 U,49.0,-25,-9,V4,
7719 U,47.1,-21,-7,V4,
7720 U,45.9,-18,-6,V4,
7721 U,44.7,-15,-7,V4,
7722 U,42.4,-12,-7,V4,
324 U,80.4,-28,-9,V4,
325 U,70.2,-38,-10,V4,
326 U,61.6,-41,-9,V4,
327 U,51.8,-41,-7,V4,
328 U,46.3,-30,-8,V4,
329 U,44.3,-24,-7,V4,
330 U,39.2,-13,-4,V4,
2455 U,70.2,-18,-2,V4,
3533 U,75.3,-44,-1,V4,
3534 U,58.8,-51,-9,V4,
2456 U,57.3,-27,-2,V4,
3560 U,62.0,-43,-8,V4,
3557 U,44.3,-26,-11,V4,
3541 U,52.9,-41,-19,V4,
3242 U,79.6,-39,-9,V4,
3252 U,73.3,-46,-10,V4,
3262 U,65.9,-51,-11,V4,
3272 U,57.6,-52,-12,V4,
3282 U,49.0,-36,-8,V4,
3292 U,42.0,-21,-6,V4,
3302 U,38.0,-13,-4,V4,
2397 U,65.1,-39,-17,V4,
2398 U,69.0,-39,-9,V4,
2399 U,62.0,-52,-12,V4,
2400 U,63.5,-45,-2,V4,
2401 U,62.7,-29,-3,V4,
2402 U,57.6,-44,-3,V4,
2403 U,51.4,-44,-8,V4,
2457 U,63.9,-13,3,V4,
2458 U,58.8,-16,3,V4,
2459 U,63.5,-30,4,V4,
2460 U,61.6,-23,-6,V4,
2461 U,52.9,-24,-7,V4,
2462 U,51.8,-14,-2,V4,
2463 U,50.6,-7,-2,V4,
4169 U,77.3,-9,0,V4,
4170 U,72.9,-11,-3,V4,
4171 U,69.4,-13,-3,V4,
4172 U,67.1,-17,-3,V4,
4173 U,73.7,-24,-6,V4,
4174 U,73.7,-22,-8,V4,
4175 U,69.4,-14,-11,V4,
3245 U,79.2,-43,-6,V4,
3255 U,73.3,-50,-6,V4,
3265 U,67.5,-54,-6,V4,
3275 U,59.2,-57,-5,V4,
3285 U,52.2,-39,-5,V4,
3295 U,47.1,-30,-4,V4,
3305 U,41.2,-15,-2,V4,
3248 U,75.7,-35,-1,V4,
3258 U,70.2,-39,-2,V4,
3268 U,64.3,-42,0,V4,
3278 U,56.1,-43,1,V4,
3288 U,49.8,-34,-1,V4,
3298 U,43.9,-23,-1,V4,
3308 U,38.4,-11,-1,V4,
566 U,85.9,-18,-1,V4,
565 U,78.8,-24,-2,V4,
564 U,74.9,-24,-3,V4,
563 U,70.2,-25,-4,V4,
562 U,49.0,-23,-5,V4,
561 U,42.7,-16,-3,V4,
560 U,38.0,-9,-2,V4,
573 U,88.6,-18,-1,V4,
572 U,82.7,-27,-2,V4,
571 U,80.0,-30,-2,V4,
570 U,71.8,-34,-3,V4,
569 U,52.9,-33,-3,V4,
568 U,49.0,-23,-2,V4,
567 U,39.6,-11,-1,V4,
559 U,81.2,-12,4,V4,
558 U,74.1,-16,4,V4,
557 U,68.6,-17,4,V4,
556 U,60.8,-18,3,V4,
555 U,49.0,-18,5,V4,
554 U,46.3,-14,4,V4,
553 U,42.4,-8,4,V4,
2404 U,71.0,-11,10,V4,
2406 U,63.5,-12,5,V4,
2407 U,57.6,-12,5,V4,
2408 U,47.8,-15,6,V4,
2409 U,47.1,-9,6,V4,
2410 U,45.1,-9,6,V4,
2411 U,38.8,-13,10,V4,
5595 U,82.4,-8,2,V4,
5585 U,72.9,-10,1,V4,
5575 U,71.0,-10,1,V4,
5565 U,64.3,-11,0,V4,
5555 U,56.5,-11,0,V4,
5545 U,47.5,-10,0,V4,
5535 U,36.1,-8,-1,V4,
5665 U,78.8,-6,3,V4,
5655 U,76.1,-6,3,V4,
5645 U,69.8,-7,2,V4,
5635 U,63.1,-7,2,V4,
5625 U,55.3,-7,2,V4,
5615 U,49.0,-7,2,V4,
5605 U,43.1,-6,4,V4,
4176 U,77.3,-6,5,V4,
4177 U,74.5,-4,8,V4,
4178 U,65.9,-6,9,V4,
4179 U,64.7,-9,12,V4,
4180 U,61.6,-6,8,V4,
4181 U,56.9,-8,5,V4,
4182 U,51.0,-5,3,V4,
4183 U,74.9,-5,5,V4,
4184 U,65.5,-8,2,V4,
4185 U,61.2,-10,-1,V4,
4186 U,55.3,-10,-3,V4,
4187 U,52.9,-5,-4,V4,
4188 U,47.1,-5,-3,V4,
4189 U,44.3,-7,-7,V4,
5527 U,78.8,-6,-1,V4,
5517 U,73.7,-7,-2,V4,
5507 U,67.5,-7,-2,V4,
5497 U,59.6,-7,-3,V4,
5487 U,50.2,-7,-4,V4,
5477 U,45.5,-7,-3,V4,
5467 U,39.2,-5,-2,V4,
4190 U,69.0,-6,5,V4,
4191 U,65.9,-7,0,V4,
4192 U,61.2,-7,2,V4,
4193 U,49.8,-3,3,V4,
4194 U,48.6,-4,-1,V4,
4195 U,46.7,0,-2,V4,
4196 U,42.7,-2,-4,V4,
4197 U,62.0,-7,2,V4,
4198 U,54.5,-7,2,V4,
4199 U,49.4,-5,2,V4,
4200 U,50.2,-6,0,V4,
4201 U,49.4,-7,0,V4,
4202 U,44.3,-5,-1,V4,
4203 U,40.4,-5,0,V4,
621 U,86.7,-10,2,V4,
622 U,79.6,-11,1,V4,
623 U,71.0,-13,1,V4,
624 U,63.1,-13,0,V4,
625 U,54.5,-13,-1,V4,
626 U,46.7,-12,-1,V4,
627 U,36.9,-11,-1,V4,
331 U,85.5,-31,0,V4,
332 U,82.0,-39,-1,V4,
333 U,74.1,-54,-1,V4,
Green U,59.6,-59,-1,V4,
334 U,53.3,-46,-2,V4,
335 U,46.7,-31,-2,V4,
336 U,43.5,-22,-2,V4,
2239 U,74.1,-52,-2,V4,
2240 U,67.8,-58,-1,V4,
2241 U,61.6,-23,-1,V4,
2242 U,58.4,-46,5,V4,
2243 U,55.7,-31,0,V4,
2244 U,51.8,-22,-1,V4,
2245 U,50.2,-45,5,V4,
337 U,78.8,-32,4,V4,
338 U,70.2,-41,4,V4,
339 U,62.7,-44,6,V4,
340 U,56.9,-44,8,V4,
341 U,45.1,-27,3,V4,
342 U,42.7,-20,2,V4,
343 U,40.0,-14,1,V4,
7723 U,64.7,-27,5,V4,
7724 U,58.0,-30,5,V4,
7725 U,53.7,-34,7,V4,
7726 U,49.4,-31,6,V4,
7727 U,46.7,-26,5,V4,
7728 U,45.9,-22,3,V4,
7729 U,43.5,-17,-1,V4,
3375 U,80.4,-46,7,V4,
3385 U,75.7,-50,8,V4,
3395 U,70.2,-55,9,V4,
3405 U,62.0,-60,13,V4,
3415 U,47.8,-31,5,V4,
3425 U,45.1,-23,3,V4,
3435 U,40.4,-13,2,V4,
2246 U,82.0,-21,7,V4,
2247 U,73.7,-30,10,V4,
2248 U,70.6,-28,10,V4,
2249 U,64.7,-29,11,V4,
2250 U,63.5,-47,15,V4,
2251 U,60.8,-48,13,V4,
2252 U,59.2,-60,22,V4,
2412 U,78.4,-46,15,V4,
2413 U,65.1,-38,7,V4,
2414 U,64.7,-47,14,V4,
2416 U,63.5,-47,12,V4,
2417 U,58.8,-32,10,V4,
2418 U,47.8,-48,12,V4,
2419 U,47.1,-27,3,V4,
344 U,80.0,-31,12,V4,
345 U,74.9,-39,14,V4,
346 U,68.6,-43,15,V4,
347 U,55.7,-46,19,V4,
348 U,49.0,-34,13,V4,
349 U,43.9,-21,9,V4,
350 U,41.2,-10,5,V4,
351 U,84.3,-35,15,V4,
352 U,80.8,-45,18,V4,
353 U,76.5,-52,21,V4,
354 U,59.6,-59,26,V4,
355 U,54.5,-46,19,V4,
356 U,47.1,-31,12,V4,
357 U,43.5,-16,7,V4,
7478 U,86.7,-31,9,V4,
7479 U,71.8,-57,24,V4,
7480 U,68.2,-57,18,V4,
7481 U,65.5,-58,25,V4,
7482 U,60.0,-46,17,V4,
7483 U,47.1,-16,7,V4,
7484 U,42.7,-18,2,V4,
2253 U,90.6,-21,10,V4,
2254 U,85.5,-25,16,V4,
2255 U,79.2,-35,20,V4,
2256 U,71.8,-43,24,V4,
2257 U,62.4,-46,24,V4,
2258 U,53.7,-36,24,V4,
2259 U,49.0,-29,19,V4,
2464 U,69.4,-33,26,V4,
2465 U,45.9,-21,13,V4,
3522 U,48.6,-43,17,V4,
3536 U,48.2,-46,9,V4,
3500 U,43.5,-31,7,V4,
3537 U,40.8,-16,5,V4,
2466 U,38.8,-7,-3,V4,
7730 U,59.2,-24,11,V4,
7731 U,55.3,-27,13,V4,
7732 U,50.2,-27,10,V4,
7733 U,47.5,-22,7,V4,
7734 U,46.7,-15,5,V4,
7735 U,45.5,-9,5,V4,
7736 U,43.5,-8,2,V4,
7737 U,65.1,-27,29,V4,
7738 U,63.1,-33,25,V4,
7739 U,60.8,-34,21,V4,
7740 U,57.3,-29,19,V4,
7741 U,56.1,-23,17,V4,
7742 U,52.2,-17,13,V4,
7743 U,46.3,-13,9,V4,
4204 U,81.6,-13,21,V4,
4205 U,74.1,-17,23,V4,
4206 U,65.1,-17,15,V4,
4207 U,60.0,-17,12,V4,
4208 U,50.6,-15,5,V4,
4209 U,46.7,-8,0,V4,
4210 U,42.0,-7,1,V4,
2260 U,84.7,-14,12,V4,
2261 U,71.0,-19,16,V4,
2262 U,67.5,-17,12,V4,
2263 U,60.8,-16,12,V4,
2264 U,58.8,-20,16,V4,
2265 U,56.5,-15,12,V4,
2266 U,47.1,-18,15,V4,
358 U,80.0,-33,30,V4,
359 U,74.9,-39,33,V4,
360 U,67.1,-43,34,V4,
361 U,62.0,-44,36,V4,
362 U,55.3,-32,28,V4,
363 U,50.6,-25,24,V4,
364 U,47.5,-18,19,V4,
2267 U,85.1,-36,26,V4,
2268 U,79.6,-47,32,V4,
2269 U,73.3,-42,32,V4,
2270 U,71.8,-55,36,V4,
2271 U,66.7,-57,37,V4,
2272 U,58.8,-45,36,V4,
2273 U,47.8,-24,19,V4,
2420 U,70.6,-56,28,V4,
2421 U,66.3,-52,51,V4,
2422 U,60.4,-47,30,V4,
2423 U,60.8,-58,37,V4,
2424 U,59.6,-44,43,V4,
2426 U,52.9,-48,29,V4,
2427 U,43.5,-23,16,V4,
7485 U,88.6,-10,15,V4,
7486 U,85.1,-26,33,V4,
7487 U,81.6,-44,42,V4,
7488 U,74.5,-52,46,V4,
7489 U,64.7,-26,26,V4,
7490 U,61.2,-20,21,V4,
7491 U,56.1,-10,21,V4,
2274 U,87.5,-9,19,V4,
2275 U,86.3,-18,31,V4,
2276 U,65.1,-19,29,V4,
2277 U,58.0,-30,36,V4,
2278 U,53.7,-24,29,V4,
2279 U,52.5,-16,23,V4,
2280 U,48.6,-16,22,V4,
365 U,86.7,-23,36,V4,
366 U,82.0,-30,40,V4,
367 U,77.3,-36,43,V4,
368 U,65.9,-40,45,V4,
369 U,59.6,-34,39,V4,
370 U,53.3,-21,30,V4,
371 U,46.3,-10,18,V4,
3570 U,77.3,-30,70,V4,
3507 U,77.6,-29,65,V4,
3561 U,70.2,-41,55,V4,
3501 U,61.6,-40,38,V4,
3529 U,60.8,-43,33,V4,
3539 U,59.2,-33,29,V4,
3508 U,52.2,-14,19,V4,
2281 U,91.0,-16,38,V4,
2282 U,89.8,-24,37,V4,
2283 U,84.7,-35,47,V4,
2284 U,81.6,-24,36,V4,
2285 U,81.2,-41,50,V4,
2286 U,76.5,-45,57,V4,
2287 U,71.8,-50,51,V4,
372 U,90.6,-22,42,V4,
373 U,86.7,-31,51,V4,
374 U,83.5,-37,55,V4,
375 U,72.9,-48,62,V4,
376 U,63.9,-36,50,V4,
377 U,55.3,-21,36,V4,
378 U,49.8,-9,23,V4,
2288 U,87.8,-22,45,V4,
2289 U,84.7,-18,40,V4,
2290 U,83.5,-34,60,V4,
2291 U,80.8,-35,68,V4,
2292 U,74.1,-36,54,V4,
2293 U,75.3,-39,67,V4,
2294 U,66.7,-31,51,V4,
2295 U,92.5,-15,46,V4,
2296 U,90.2,-21,56,V4,
2297 U,85.9,-28,65,V4,
2298 U,82.7,-29,51,V4,
2299 U,78.4,-33,54,V4,
2300 U,76.5,-21,45,V4,
2301 U,67.1,-22,44,V4,
580 U,85.1,-12,20,V4,
579 U,80.8,-15,22,V4,
578 U,75.7,-17,23,V4,
577 U,69.4,-19,25,V4,
576 U,60.0,-19,25,V4,
575 U,52.2,-14,21,V4,
574 U,46.7,-8,14,V4,
4211 U,85.1,-13,36,V4,
4212 U,67.1,-24,35,V4,
4213 U,59.2,-19,26,V4,
4214 U,50.6,-11,8,V4,
4215 U,51.8,-11,12,V4,
4216 U,47.8,-12,16,V4,
4217 U,45.1,-10,17,V4,
5807 U,83.5,-6,20,V4,
5797 U,80.0,-7,22,V4,
5787 U,75.7,-7,22,V4,
5777 U,67.8,-7,23,V4,
5767 U,61.2,-7,22,V4,
5757 U,54.1,-7,21,V4,
5747 U,47.5,-7,20,V4,
5875 U,83.5,-4,25,V4,
5865 U,80.0,-4,26,V4,
5855 U,74.1,-4,24,V4,
5845 U,66.3,-4,24,V4,
5835 U,58.8,-3,22,V4,
5825 U,55.3,-3,22,V4,
5815 U,46.3,-3,20,V4,
4218 U,72.9,-5,10,V4,
4219 U,68.2,-4,7,V4,
4220 U,60.4,-2,5,V4,
4221 U,53.7,-5,9,V4,
4222 U,56.5,-2,5,V4,
4223 U,52.2,-4,7,V4,
4224 U,45.1,-4,4,V4,
5803 U,83.5,-4,12,V4,
5793 U,80.0,-5,12,V4,
5783 U,74.5,-6,13,V4,
5773 U,64.7,-7,13,V4,
5763 U,54.5,-7,12,V4,
5753 U,50.6,-7,13,V4,
5743 U,43.5,-6,12,V4,
4225 U,55.3,1,5,V4,
4226 U,56.9,-1,9,V4,
4227 U,49.8,-1,7,V4,
4228 U,45.5,-2,7,V4,
4229 U,46.3,-2,4,V4,
4230 U,45.1,1,2,V4,
4231 U,44.7,1,3,V4,
7492 U,78.8,-13,31,V4,
7493 U,76.1,-10,21,V4,
7494 U,69.4,-11,13,V4,
7495 U,56.9,-11,26,V4,
7496 U,52.5,-14,29,V4,
7497 U,56.5,-1,9,V4,
7498 U,51.0,-6,12,V4,
2302 U,71.0,-12,33,V4,
2303 U,69.8,-16,32,V4,
2304 U,66.7,-12,33,V4,
2305 U,65.9,-14,46,V4,
2306 U,56.5,-12,30,V4,
2307 U,51.4,-11,32,V4,
2308 U,43.9,-5,22,V4,
7744 U,74.5,-12,50,V4,
7745 U,71.0,-11,42,V4,
7746 U,63.9,-9,32,V4,
7747 U,60.4,-9,26,V4,
7748 U,56.9,-7,21,V4,
7749 U,53.7,-6,17,V4,
7750 U,50.2,-5,13,V4,
379 U,91.4,-14,54,V4,
380 U,87.1,-19,63,V4,
381 U,81.2,-25,68,V4,
382 U,73.3,-30,67,V4,
383 U,60.8,-15,48,V4,
384 U,56.1,-10,40,V4,
385 U,50.6,-5,26,V4,
386 U,92.9,-13,57,V4,
387 U,90.6,-18,69,V4,
388 U,87.8,-22,75,V4,
389 U,82.7,-28,80,V4,
390 U,65.9,-20,59,V4,
391 U,56.1,-10,41,V4,
392 U,51.4,-6,32,V4,
587 U,91.8,-9,40,V4,
586 U,90.2,-11,46,V4,
585 U,89.4,-11,46,V4,
584 U,83.1,-14,53,V4,
583 U,69.8,-16,54,V4,
582 U,58.8,-8,39,V4,
581 U,48.6,-4,24,V4,
4232 U,82.7,-11,64,V4,
4233 U,76.1,-11,61,V4,
4234 U,76.5,-12,41,V4,
4235 U,70.6,-6,22,V4,
4236 U,75.7,-7,37,V4,
4237 U,67.5,-3,26,V4,
4238 U,57.3,-4,18,V4,
393 U,94.1,-9,53,V4,
394 U,92.2,-12,70,V4,
395 U,91.0,-14,77,V4,
396 U,87.1,-19,86,V4,
397 U,67.5,-12,58,V4,
398 U,60.4,-9,47,V4,
399 U,54.9,-6,41,V4,
3935 U,94.9,-7,52,V4,
3945 U,93.7,-8,69,V4,
3955 U,92.2,-8,81,V4,
3965 U,91.0,-8,87,V4,
3975 U,68.2,-4,60,V4,
3985 U,59.6,-3,43,V4,
3995 U,51.4,-3,27,V4,
600 U,94.5,-6,42,V4,
601 U,93.3,-7,47,V4,
602 U,92.9,-7,52,V4,
603 U,90.2,-6,63,V4,
604 U,87.1,-5,68,V4,
605 U,82.0,-4,70,V4,
606 U,74.9,-2,69,V4,
607 U,92.2,-5,36,V4,
608 U,90.6,-5,42,V4,
609 U,88.2,-5,47,V4,
610 U,83.5,-5,53,V4,
611 U,74.9,-4,54,V4,
612 U,68.2,-3,53,V4,
613 U,61.2,-3,49,V4,
461 U,89.4,-3,34,V4,
460 U,86.3,-2,40,V4,
459 U,82.0,-1,44,V4,
458 U,75.7,0,45,V4,
457 U,63.1,1,46,V4,
456 U,54.5,0,34,V4,
455 U,46.7,-1,22,V4,
614 U,86.3,-3,28,V4,
615 U,83.1,-3,30,V4,
616 U,78.8,-3,31,V4,
617 U,72.2,-3,32,V4,
618 U,64.3,-3,31,V4,
619 U,58.4,-3,31,V4,
620 U,52.9,-3,30,V4,
7751 U,76.9,0,40,V4,
7752 U,76.1,3,47,V4,
7753 U,71.0,3,43,V4,
7754 U,60.8,2,29,V4,
7755 U,55.7,0,21,V4,
7756 U,52.2,-1,15,V4,
7757 U,49.0,-1,12,V4,
7758 U,80.8,-4,57,V4,
7759 U,74.5,-3,52,V4,
7760 U,58.8,-3,26,V4,
7761 U,53.3,-4,17,V4,
7762 U,49.8,-6,11,V4,
7763 U,47.8,-4,8,V4,
7764 U,45.9,-3,7,V4,
7765 U,74.5,-7,46,V4,
7766 U,72.2,-5,43,V4,
7767 U,67.8,-3,36,V4,
7768 U,58.0,-2,23,V4,
7769 U,50.6,0,15,V4,
7770 U,47.8,-1,10,V4,
7771 U,42.4,-1,6,V4,
4545 U,82.0,-1,20,V4,
4535 U,77.3,0,22,V4,
4525 U,73.7,0,22,V4,
4515 U,67.8,0,21,V4,
4505 U,62.7,0,21,V4,
4495 U,55.3,1,21,V4,
4485 U,47.1,1,21,V4,
2323 U,77.6,-1,11,V4,
2324 U,67.1,1,14,V4,
2325 U,62.4,1,12,V4,
2326 U,58.4,1,11,V4,
2327 U,57.3,0,11,V4,
2328 U,50.6,1,10,V4,
2329 U,47.1,1,8,V4,
4239 U,78.0,1,8,V4,
4240 U,76.5,3,14,V4,
4241 U,67.8,3,17,V4,
4242 U,56.9,2,14,V4,
4243 U,50.2,4,11,V4,
4244 U,51.8,4,9,V4,
4245 U,46.3,1,5,V4,
454 U,80.0,-2,14,V4,
453 U,74.5,-2,16,V4,
452 U,67.5,-3,16,V4,
451 U,59.6,-3,16,V4,
450 U,50.2,0,17,V4,
449 U,45.1,-1,14,V4,
448 U,41.2,0,11,V4,
7499 U,93.7,-1,25,V4,
7500 U,85.9,1,22,V4,
7501 U,82.4,3,21,V4,
7502 U,72.9,5,24,V4,
7503 U,60.8,1,18,V4,
7504 U,55.7,6,11,V4,
7505 U,50.6,6,11,V4,
4246 U,75.7,2,15,V4,
4247 U,76.5,5,16,V4,
4248 U,80.0,5,18,V4,
4249 U,71.4,6,18,V4,
4250 U,72.5,4,16,V4,
4251 U,67.8,6,19,V4,
4252 U,67.1,5,15,V4,
468 U,83.5,3,20,V4,
467 U,76.9,6,23,V4,
466 U,69.8,8,23,V4,
465 U,63.1,8,23,V4,
464 U,54.5,10,25,V4,
463 U,48.2,7,19,V4,
462 U,42.4,3,14,V4,
4253 U,69.4,6,13,V4,
4254 U,70.2,10,21,V4,
4255 U,63.9,5,15,V4,
4256 U,60.4,6,14,V4,
4257 U,58.0,7,6,V4,
4258 U,47.8,4,2,V4,
4259 U,38.0,2,3,V4,
3599 U,78.0,5,34,V4,
2467 U,66.7,10,19,V4,
2468 U,56.1,12,14,V4,
2469 U,51.8,14,16,V4,
2470 U,58.8,6,13,V4,
2471 U,62.7,8,10,V4,
2472 U,43.1,6,10,V4,
7506 U,90.6,5,23,V4,
7507 U,90.6,9,30,V4,
7508 U,76.5,12,30,V4,
7509 U,70.2,14,31,V4,
7510 U,62.4,16,31,V4,
7511 U,54.5,16,29,V4,
7512 U,49.4,15,27,V4,
719 U,83.1,12,24,V4,
720 U,79.6,15,27,V4,
721 U,73.3,17,29,V4,
722 U,65.5,19,29,V4,
723 U,59.6,18,28,V4,
724 U,53.3,17,28,V4,
725 U,48.2,16,26,V4,
475 U,85.5,14,22,V4,
474 U,81.6,18,25,V4,
473 U,76.1,22,28,V4,
472 U,67.8,26,30,V4,
471 U,58.4,25,33,V4,
470 U,52.2,19,25,V4,
469 U,43.1,9,16,V4,
726 U,82.4,9,19,V4,
727 U,76.5,11,21,V4,
728 U,69.4,12,22,V4,
729 U,64.3,13,22,V4,
730 U,56.1,12,21,V4,
731 U,51.0,12,21,V4,
732 U,46.7,11,20,V4,
2316 U,68.2,9,18,V4,
2317 U,61.6,11,20,V4,
2318 U,55.7,11,19,V4,
2319 U,49.0,10,18,V4,
2320 U,42.0,9,17,V4,
2321 U,45.9,5,10,V4,
2322 U,36.1,5,12,V4,
2309 U,85.1,7,17,V4,
2310 U,80.0,7,16,V4,
2311 U,71.8,10,20,V4,
2312 U,67.8,7,14,V4,
2313 U,65.9,13,23,V4,
2314 U,57.3,13,22,V4,
2315 U,47.1,18,29,V4,
4685 U,83.5,7,15,V4,
4675 U,77.6,10,17,V4,
4665 U,70.6,11,18,V4,
4655 U,62.0,12,15,V4,
4645 U,55.7,12,15,V4,
4635 U,50.6,11,16,V4,
4625 U,39.6,8,15,V4,
4260 U,71.4,15,17,V4,
4261 U,59.2,12,18,V4,
4262 U,60.0,14,19,V4,
4263 U,52.9,16,19,V4,
4264 U,56.9,19,17,V4,
4265 U,53.3,15,15,V4,
4266 U,47.5,13,17,V4,
7513 U,79.6,15,10,V4,
7514 U,74.1,16,15,V4,
7515 U,64.7,18,17,V4,
7516 U,53.3,16,17,V4,
7517 U,48.6,16,17,V4,
7518 U,49.0,6,2,V4,
7519 U,45.9,3,4,V4,
4755 U,81.6,7,8,V4,
4745 U,75.3,9,9,V4,
4735 U,68.6,10,10,V4,
4725 U,62.7,11,9,V4,
4715 U,54.9,11,9,V4,
4705 U,49.4,10,9,V4,
4695 U,41.6,10,11,V4,
482 U,82.0,7,11,V4,
481 U,76.5,10,12,V4,
480 U,69.8,11,13,V4,
479 U,60.8,12,12,V4,
478 U,49.4,12,15,V4,
477 U,44.7,9,12,V4,
476 U,40.8,5,9,V4,
4267 U,72.9,4,9,V4,
4268 U,67.5,5,10,V4,
4269 U,58.8,7,13,V4,
4270 U,58.0,3,9,V4,
4271 U,53.7,3,7,V4,
4272 U,51.4,5,5,V4,
4273 U,40.8,2,0,V4,
7527 U,86.3,1,3,V4,
7528 U,81.2,3,3,V4,
7529 U,72.2,3,4,V4,
7530 U,65.1,3,5,V4,
7531 U,54.1,3,5,V4,
7532 U,47.1,3,6,V4,
7533 U,43.1,2,6,V4,
7534 U,81.6,1,4,V4,
7535 U,75.7,1,5,V4,
7536 U,69.0,1,6,V4,
7537 U,74.1,-2,0,V4,
7538 U,69.0,-3,0,V4,
7539 U,64.7,-1,-2,V4,
7540 U,48.6,-1,-5,V4,
427 U,80.0,-2,-2,V4,
428 U,72.5,-2,-4,V4,
429 U,62.4,-2,-5,V4,
430 U,56.1,-3,-6,V4,
431 U,51.0,-2,-6,V4,
432 U,45.1,-2,-5,V4,
433 U,39.2,0,-4,V4,
4274 U,68.6,-2,-4,V4,
4275 U,69.0,-2,0,V4,
4276 U,62.4,1,-2,V4,
4277 U,54.1,2,-3,V4,
4278 U,54.5,0,-3,V4,
4279 U,45.9,2,-2,V4,
4280 U,35.7,1,-5,V4,
420 U,76.9,-1,0,V4,
421 U,73.3,-1,-1,V4,
422 U,65.9,-1,-2,V4,
423 U,60.8,-1,-2,V4,
424 U,56.9,-1,-1,V4,
425 U,52.2,-1,-2,V4,
426 U,43.9,0,-1,V4,
441 U,77.6,-5,-1,V4,
442 U,72.9,-5,-2,V4,
443 U,62.4,-5,-3,V4,
444 U,55.3,-4,-3,V4,
445 U,47.1,-4,-2,V4,
446 U,43.5,-3,-1,V4,
447 U,40.8,-2,0,V4,
413 U,76.1,-2,4,V4,
414 U,69.8,-2,3,V4,
415 U,65.1,-2,2,V4,
416 U,60.0,-2,2,V4,
417 U,54.5,-2,2,V4,
418 U,51.0,-2,2,V4,
419 U,37.3,-1,2,V4,
4281 U,72.9,0,-1,V4,
4282 U,69.8,2,-1,V4,
4283 U,65.1,3,0,V4,
4284 U,51.4,2,-4,V4,
4285 U,49.8,2,-4,V4,
4286 U,47.1,3,-2,V4,
4287 U,42.0,1,-1,V4,
2330 U,82.4,0,2,V4,
2331 U,70.6,1,1,V4,
2332 U,57.3,0,1,V4,
2333 U,49.0,0,0,V4,
2334 U,46.3,1,0,V4,
2335 U,45.1,2,3,V4,
2336 U,43.1,0,0,V4,
400 U,78.4,1,4,V4,
401 U,71.4,1,4,V4,
402 U,65.1,1,3,V4,
403 U,58.8,1,3,V4,
404 U,56.1,1,3,V4,
405 U,48.2,1,3,V4,
Black U,39.6,1,2,V4,
4288 U,73.3,-3,2,V4,
4289 U,62.7,0,-1,V4,
4290 U,58.8,2,0,V4,
4291 U,50.6,1,-1,V4,
4292 U,52.2,2,-2,V4,
4293 U,51.4,2,-3,V4,
4294 U,51.0,2,-3,V4,
406 U,77.6,2,3,V4,
407 U,67.1,3,2,V4,
408 U,62.4,3,1,V4,
409 U,58.4,3,2,V4,
410 U,54.9,3,2,V4,
411 U,48.6,3,2,V4,
412 U,39.6,3,2,V4,
434 U,82.0,3,1,V4,
435 U,70.2,4,-1,V4,
436 U,65.1,5,0,V4,
437 U,54.5,5,0,V4,
438 U,49.4,5,1,V4,
439 U,44.7,4,1,V4,
440 U,41.6,2,2,V4,
2473 U,76.9,5,-2,V4,
2474 U,70.2,4,5,V4,
2475 U,62.7,8,5,V4,
2476 U,56.9,6,2,V4,
2477 U,49.4,5,3,V4,
2478 U,39.2,5,0,V4,
2479 U,38.8,2,2,V4,
Warm Gray 1 U,85.5,1,4,V4,
Warm Gray 2 U,80.8,1,4,V4,
Warm Gray 3 U,74.5,2,4,V4,
Warm Gray 4 U,70.6,2,4,V4,
Warm Gray 5 U,66.7,2,3,V4,
Warm Gray 6 U,64.3,2,3,V4,
Warm Gray 7 U,60.0,2,3,V4,
Warm Gray 8 U,56.9,2,3,V4,
Warm Gray 9 U,53.7,2,2,V4,
Warm Gray 10 U,52.2,2,2,V4,
Warm Gray 11 U,50.2,2,2,V4,
Cool Gray 1 U,86.7,0,1,V4,
Cool Gray 2 U,81.2,0,0,V4,
Cool Gray 3 U,79.2,0,0,V4,
Cool Gray 4 U,74.5,0,-1,V4,
Cool Gray 5 U,71.0,-1,-2,V4,
Cool Gray 6 U,67.5,-1,-2,V4,
Cool Gray 7 U,64.7,-1,-2,V4,
Cool Gray 8 U,61.2,-1,-3,V4,
Cool Gray 9 U,57.6,-1,-3,V4,
Cool Gray 10 U,54.5,-1,-3,V4,
Cool Gray 11 U,52.2,-1,-3,V4,
Black 2 U,40.4,-1,8,V4,
Black 3 U,38.8,-3,1,V4,
Black 4 U,41.2,2,7,V4,
Black 5 U,39.6,6,1,V4,
Black 6 U,32.9,0,-6,V4,
Black 7 U,44.3,1,3,V4,
Yellow 0131 U,95.7,-7,44,Pantone+2023,
Red 0331 U,81.2,33,7,Pantone+2023,
Magenta 0521 U,78.8,36,-13,Pantone+2023,
Violet 0631 U,67.1,26,-32,Pantone+2023,
Blue 0821 U,78.0,-25,-25,Pantone+2023,
Green 0921 U,83.9,-38,-1,Pantone+2023,
Black 0961 U,63.5,1,3,Pantone+2023,
801 U,57.3,-30,-40,Pantone+2023,fluorescent
802 U,73.7,-63,57,Pantone+2023,fluorescent
803 U,94.1,4,90,Pantone+2023,fluorescent
804 U,84.3,47,67,Pantone+2023,fluorescent
805 U,73.7,70,37,Pantone+2023,fluorescent
806 U,65.9,81,-7,Pantone+2023,fluorescent
807 U,57.3,75,-29,Pantone+2023,fluorescent
871 U,63.9,4,25,Pantone+2023,metallic
872 U,62.7,6,24,Pantone+2023,metallic
873 U,62.0,9,22,Pantone+2023,metallic
874 U,62.0,9,22,Pantone+2023,metallic
875 U,61.6,13,19,Pantone+2023,metallic
876 U,60.0,14,19,Pantone+2023,metallic
877 U,74.1,-1,-1,Pantone+2023,metallic
Medium Yellow U,91.4,2,93,Pantone+2023,
Bright Orange U,67.8,57,63,Pantone+2023,
Strong Red U,51.0,64,12,Pantone+2023,
Medium Blue U,50.6,-20,-47,Pantone+2023,
Bright Green U,60.8,-59,-1,Pantone+2023,
Neutral Black U,31.0,1,2,Pantone+2023,
